id,first_name,last_name,email,username,password,guest
1,Rochell,Dukes,rdukes0@java.com,rdukes0,e5G2LXapGUz,false
2,Zachary,Dessant,zdessant1@spiegel.de,zdessant1,eglXuvyD,false
3,Lalo,Ciabatteri,lciabatteri2@dot.gov,lciabatteri2,C9llAB8Zl,false
4,Alexander,Stancer,astancer3@hugedomains.com,astancer3,29qyT1dU,false
5,Bink,Jankiewicz,bjankiewicz4@github.com,bjankiewicz4,hRl4U9E0yD,false
6,Karlens,Rumin,krumin5@etsy.com,krumin5,cP29X5BslK,false
7,Alfi,Whilder,awhilder6@vimeo.com,awhilder6,yf6B4GlvmmOh,false
8,Shelby,Pinsent,spinsent7@bravesites.com,spinsent7,pmpe9QjVS1Nu,false
9,Roosevelt,Kendal,rkendal8@bloglovin.com,rkendal8,PqR1Mj0,false
10,Winifield,Whiteland,wwhiteland9@tmall.com,wwhiteland9,z80MOkecTMI,false
11,Shayne,Falkous,sfalkousa@noaa.gov,sfalkousa,ibgN7do5p1hW,false
12,Waneta,Poll,wpollb@seesaa.net,wpollb,uYpuX6In54,false
13,Leann,Lavin,llavinc@marketwatch.com,llavinc,pk2Rcgcu7pkb,false
14,Ivonne,Farnworth,ifarnworthd@is.gd,ifarnworthd,RZJlePS6,false
15,Jae,Van Niekerk,jvanniekerke@ning.com,jvanniekerke,zLy5Evw,false
16,Clyve,Waterstone,cwaterstonef@sphinn.com,cwaterstonef,1DJQxeaU,false
17,Biddie,Stittle,bstittleg@joomla.org,bstittleg,V1OOXVvm,false
18,Lynna,Gummoe,lgummoeh@deliciousdays.com,lgummoeh,5FMycGnGzT,false
19,Ber,Cubberley,bcubberleyi@hostgator.com,bcubberleyi,Yjwf5at,false
20,Cassandra,Layson,claysonj@homestead.com,claysonj,zSikyon1,false
21,Audrie,Woolsey,awoolseyk@163.com,awoolseyk,5zAhfWBAdOs,false
22,Rhys,Dumphry,rdumphryl@pen.io,rdumphryl,dYLmRJjA,false
23,Harcourt,Kornes,hkornesm@wix.com,hkornesm,e9Cq2xS7AS,false
24,Magda,Ivison,mivisonn@mail.ru,mivisonn,YzzzmBY,false
25,Rosene,Burkill,rburkillo@examiner.com,rburkillo,jeuVO3d,false
26,Saxe,Frogley,sfrogleyp@businessweek.com,sfrogleyp,f9by8JoY,false
27,Tyson,Duce,tduceq@abc.net.au,tduceq,GVw64YJg38X,false
28,Kean,Currey,kcurreyr@columbia.edu,kcurreyr,AW22PuLm5,false
29,Ernestine,Tethcote,etethcotes@arizona.edu,etethcotes,DoAJLoDiAzmJ,false
30,Aline,Raspin,araspint@stanford.edu,araspint,uKZqfb,false
31,Peria,Tolhurst,ptolhurstu@youtube.com,ptolhurstu,JHcAd7t,false
32,Fern,Pentony,fpentonyv@odnoklassniki.ru,fpentonyv,Yp17DE,false
33,Mitchell,Calrow,mcalroww@cmu.edu,mcalroww,kddYFqlJ,false
34,Phillida,Schanke,pschankex@tripadvisor.com,pschankex,7Ddbqp6x0L1M,false
35,Giselle,Flintoff,gflintoffy@sciencedaily.com,gflintoffy,SPYShz5PwhQ,false
36,Bobbette,Ferenc,bferencz@cbslocal.com,bferencz,nVEqSYd6jMV,false
37,Daile,Rew,drew10@bravesites.com,drew10,C7wIdptox,false
38,Burr,Pettican,bpettican11@symantec.com,bpettican11,Ljdt0uJ0,false
39,Moria,Shildrake,mshildrake12@auda.org.au,mshildrake12,0aieiwS,false
40,Shane,Chittock,schittock13@cbsnews.com,schittock13,QzLHjcoyR7z,false
41,Yulma,Eaklee,yeaklee14@discuz.net,yeaklee14,kvyCR0KW4Y,false
42,Sigismond,Mews,smews15@fc2.com,smews15,i9gKlhwOKY25,false
43,Flossie,Warham,fwarham16@patch.com,fwarham16,kKRxLoXzq,false
44,Thomasin,Alberti,talberti17@theglobeandmail.com,talberti17,oMnyM8CoevND,false
45,Benedikt,Rattenberie,brattenberie18@princeton.edu,brattenberie18,LOXETyXr30O,false
46,Winslow,Standen,wstanden19@tiny.cc,wstanden19,J3rZqbJZfoe,false
47,Sandra,Frowen,sfrowen1a@buzzfeed.com,sfrowen1a,PUYshnOf3E3,false
48,Angel,Tidswell,atidswell1b@hhs.gov,atidswell1b,1TrRTqM7O,false
49,Nikos,Delouch,ndelouch1c@freewebs.com,ndelouch1c,Ay5PGZP,false
50,Abelard,Brisco,abrisco1d@gizmodo.com,abrisco1d,KKFUpb6386,false
51,Hanna,Walcar,hwalcar1e@plala.or.jp,hwalcar1e,ag9TSOoDpiYv,false
52,Selena,Ambrogioli,sambrogioli1f@t-online.de,sambrogioli1f,sLniQDdXi0,false
53,Lesley,Mayo,lmayo1g@reddit.com,lmayo1g,SxJ5tfpv,false
54,Shandee,Giovannazzi,sgiovannazzi1h@toplist.cz,sgiovannazzi1h,WJSyWJhLO,false
55,Rufus,Dafydd,rdafydd1i@sphinn.com,rdafydd1i,JdQY1Y5putN,false
56,Gerty,Torre,gtorre1j@360.cn,gtorre1j,lyf5dY0y,false
57,Hamel,Shulem,hshulem1k@sogou.com,hshulem1k,CBqyEMSf,false
58,Derry,Trevor,dtrevor1l@woothemes.com,dtrevor1l,Rn1ahsT22,false
59,Ivonne,Jacobsson,ijacobsson1m@dedecms.com,ijacobsson1m,Dh060e83g5,false
60,Nehemiah,Pidgin,npidgin1n@cbsnews.com,npidgin1n,V43Eo55z1G2l,false
61,Gilligan,Galtone,ggaltone1o@whitehouse.gov,ggaltone1o,PMltDmzexpz,false
62,Desdemona,Rookesby,drookesby1p@mtv.com,drookesby1p,VgFUgM9tuKhV,false
63,Alley,McLarnon,amclarnon1q@naver.com,amclarnon1q,KfJ2MO2Z2sfE,false
64,Todd,Studdeard,tstuddeard1r@hp.com,tstuddeard1r,Y0aeYe2cyZ,false
65,Kate,Hardiman,khardiman1s@so-net.ne.jp,khardiman1s,zZDsrQ5p5P,false
66,Amie,Kunneke,akunneke1t@businessweek.com,akunneke1t,hGpyen7CMdv,false
67,Mab,Corkish,mcorkish1u@engadget.com,mcorkish1u,DjRv7cR8wvv,false
68,Tomkin,Haygreen,thaygreen1v@flickr.com,thaygreen1v,DVmp8II,false
69,Lynsey,Kolyagin,lkolyagin1w@yahoo.co.jp,lkolyagin1w,kJwNAtNs,false
70,Alanna,Essberger,aessberger1x@networksolutions.com,aessberger1x,20V1W7jG,false
71,Amby,Hawick,ahawick1y@virginia.edu,ahawick1y,KczOxmNARyl,false
72,Kory,Mc Menamin,kmcmenamin1z@amazon.co.jp,kmcmenamin1z,IYWHwYWqUeH,false
73,Corabella,Shalloo,cshalloo20@feedburner.com,cshalloo20,gVOlKtes,false
74,Ethe,Goodsall,egoodsall21@princeton.edu,egoodsall21,bFAqSS6Qh,false
75,Ulysses,Martland,umartland22@zdnet.com,umartland22,vSA1SPRCsGlb,false
76,Lannie,Axon,laxon23@blinklist.com,laxon23,bvKWn4bLPYwR,false
77,Cyrill,Attow,cattow24@tinypic.com,cattow24,Z89p9vZjc,false
78,Thorstein,Moakes,tmoakes25@mayoclinic.com,tmoakes25,43w44D48z,false
79,Athene,Folomin,afolomin26@tumblr.com,afolomin26,is7cflOH8C,false
80,Nat,Gleadhall,ngleadhall27@google.it,ngleadhall27,TtLR2B0twUP,false
81,Maye,Coan,mcoan28@europa.eu,mcoan28,L4OuNnKhUqj,false
82,Donetta,Cleft,dcleft29@deviantart.com,dcleft29,t2o0UTgWA,false
83,Jose,Giacopazzi,jgiacopazzi2a@wikipedia.org,jgiacopazzi2a,iIy0oQ5XHYe6,false
84,Donny,Biaggi,dbiaggi2b@nasa.gov,dbiaggi2b,aL1vPOh,false
85,Leeann,Paxeford,lpaxeford2c@cbc.ca,lpaxeford2c,gGvryEvUN,false
86,Zora,Lorriman,zlorriman2d@rakuten.co.jp,zlorriman2d,sWcsJaP1mVel,false
87,Ignatius,Scafe,iscafe2e@bing.com,iscafe2e,mF2Ou8Rids,false
88,Luther,Vennard,lvennard2f@china.com.cn,lvennard2f,Anz4bLZbn,false
89,Alex,Rubin,arubin2g@naver.com,arubin2g,1uGGDbxE,false
90,Cloe,Valdes,cvaldes2h@themeforest.net,cvaldes2h,uVcaRsFgX,false
91,Tamqrah,Coton,tcoton2i@constantcontact.com,tcoton2i,W5dMJauXqW8,false
92,Annmaria,Errichiello,aerrichiello2j@globo.com,aerrichiello2j,IoP2MFzaG4nb,false
93,Windham,Slatford,wslatford2k@cornell.edu,wslatford2k,JeuMXxbTMat9,false
94,Sharon,Hooke,shooke2l@bandcamp.com,shooke2l,4RG8oJvM,false
95,Chlo,Jee,cjee2m@discovery.com,cjee2m,OZuLaEGj8,false
96,Catie,Dormand,cdormand2n@sfgate.com,cdormand2n,T7sjLZJ,false
97,Garek,Barukh,gbarukh2o@noaa.gov,gbarukh2o,ysnaSfbLf,false
98,Sidoney,Rops,srops2p@rakuten.co.jp,srops2p,efxLtkjv,false
99,Maxine,Janaszkiewicz,mjanaszkiewicz2q@cbc.ca,mjanaszkiewicz2q,FEK5Ya,false
100,Alica,Ordidge,aordidge2r@aboutads.info,aordidge2r,8QgOS0ER5cU,false
